Sotuv_ID,Sana,Mahsulot,Kategoriya,Filial,Sotuvchi,Miqdor,Birlik_narxi,Chegirma_foiz,Tolov_turi,Mijoz_turi,Qoniqish_bahosi,Jami_summa
143,2025-05-23,Smart soat,Aksessuarlar,Buxoro,Ali,4.0,7449434.0,0.7,Payme,Yangi mijoz,3.0,29589151.85
7,2025-01-07,Quloqchin,Elektronika,Fargona,Jasur,7.0,5478869.0,24.3,Click,Korporativ mijoz,4.0,29032526.83
98,2025-04-08,Planshet,Aksessuarlar,Toshkent,Zarina,4.0,6273956.0,14.8,Payme,Korporativ mijoz,3.0,21381642.05
61,2025-03-02,Televizor,Maishiy texnika,Buxoro,Zarina,,2774946.0,17.0,Payme,Doimiy mijoz,2.0,
113,2025-04-23,Muzlatgich,Aksessuarlar,Andijon,Madina,4.0,10472287.0,6.5,Karta,Korporativ mijoz,3.0,39166353.38
182,2025-07-01,Muzlatgich,Elektronika,Andijon,Ali,6.0,5783394.0,,Payme,Yangi mijoz,2.0,
198,2025-07-17,Televizor,Elektronika,Andijon,Ali,7.0,7813308.0,17.3,Click,Korporativ mijoz,5.0,45231240.01
185,2025-07-04,Quloqchin,Maishiy texnika,Andijon,Jasur,,11495376.0,0.6,Naqd,Korporativ mijoz,1.0,
10,2025-01-10,Muzlatgich,Maishiy texnika,Samarqand,Vali,2.0,,,Naqd,Doimiy mijoz,4.0,
105,2025-04-15,Konditsioner,Aksessuarlar,Andijon,Zarina,1.0,8201849.0,23.9,Payme,Yangi mijoz,2.0,6241607.09
201,2025-07-20,Kir yuvish mashinasi,Elektronika,Buxoro,Sardor,7.0,5378217.0,17.0,Payme,Doimiy mijoz,2.0,31247440.77
217,2025-08-05,Konditsioner,Maishiy texnika,Andijon,Jasur,3.0,508988.0,0.8,Karta,Yangi mijoz,3.0,1514748.29
237,2025-08-25,Planshet,Aksessuarlar,Samarqand,Ali,1.0,4461137.0,3.1,Naqd,Doimiy mijoz,1.0,4322841.75
241,2025-08-29,Quloqchin,Maishiy texnika,Fargona,Vali,5.0,7677626.0,12.3,Click,Yangi mijoz,2.0,33666390.01
68,2025-03-09,Konditsioner,Elektronika,Samarqand,Zarina,3.0,7432207.0,23.6,Click,Korporativ mijoz,2.0,17034618.44
225,2025-08-13,Planshet,Maishiy texnika,Toshkent,Sardor,7.0,8034647.0,19.4,Karta,Doimiy mijoz,3.0,45331478.37
195,2025-07-14,Kir yuvish mashinasi,Maishiy texnika,Samarqand,Jasur,6.0,,11.3,Bolib_tolash,Korporativ mijoz,2.0,
16,2025-01-16,Muzlatgich,Elektronika,Andijon,Vali,5.0,7513533.0,5.8,Karta,Doimiy mijoz,2.0,35388740.43
178,2025-06-27,Noutbuk,Aksessuarlar,Fargona,Sardor,4.0,1711993.0,1.1,Payme,Yangi mijoz,4.0,6772644.31
25,2025-01-25,Smart soat,Aksessuarlar,Buxoro,Vali,6.0,783662.0,19.8,Naqd,Yangi mijoz,2.0,3770981.54
248,2025-09-05,Konditsioner,Elektronika,Andijon,Madina,2.0,10071183.0,0.3,Karta,Doimiy mijoz,1.0,20081938.9
20,2025-01-20,Noutbuk,Elektronika,Samarqand,Ali,3.0,2774287.0,8.5,Karta,Yangi mijoz,4.0,7615417.82
115,2025-04-25,Telefon,Maishiy texnika,Fargona,Jasur,2.0,3253584.0,12.4,Click,Korporativ mijoz,3.0,5700279.17
69,2025-03-10,Planshet,Aksessuarlar,Samarqand,Vali,5.0,11471427.0,11.7,Payme,Korporativ mijoz,1.0,50646350.2
177,2025-06-26,Telefon,Elektronika,Andijon,Sardor,1.0,495008.0,15.5,Payme,Doimiy mijoz,5.0,418281.76
46,2025-02-15,Muzlatgich,Elektronika,Andijon,Sardor,1.0,7529607.0,19.2,Karta,Korporativ mijoz,2.0,6083922.46
56,2025-02-25,Televizor,Aksessuarlar,Andijon,Madina,3.0,3265714.0,1.1,Naqd,Doimiy mijoz,1.0,9689373.44
11,2025-01-11,Televizor,Maishiy texnika,Andijon,Jasur,5.0,11766214.0,21.1,Payme,Yangi mijoz,4.0,46417714.23
31,2025-01-31,Smart soat,Maishiy texnika,Toshkent,Vali,4.0,4575013.0,0.6,Karta,Korporativ mijoz,3.0,18190251.69
121,2025-05-01,Changyutgich,Maishiy texnika,Toshkent,Sardor,6.0,2325909.0,12.4,Karta,Doimiy mijoz,1.0,12224977.7
202,2025-07-21,Telefon,Aksessuarlar,Buxoro,Dilnoza,6.0,11462808.0,16.4,Bolib_tolash,Korporativ mijoz,3.0,57497444.93
34,2025-02-03,Quloqchin,Elektronika,Buxoro,Ali,5.0,10093959.0,21.9,Karta,Korporativ mijoz,1.0,39416909.9
142,2025-05-22,Planshet,Maishiy texnika,Buxoro,Dilnoza,4.0,3831198.0,21.8,Naqd,Yangi mijoz,2.0,11983987.34
220,2025-08-08,Konditsioner,Elektronika,Samarqand,Ali,1.0,3057590.0,21.6,Karta,Doimiy mijoz,5.0,2397150.56
26,2025-01-26,Telefon,Aksessuarlar,Fargona,Sardor,7.0,1385585.0,8.0,Bolib_tolash,Doimiy mijoz,5.0,8923167.4
112,2025-04-22,Quloqchin,Aksessuarlar,Andijon,Vali,6.0,10024790.0,9.3,Payme,Doimiy mijoz,1.0,54554907.18
19,2025-01-19,Kir yuvish mashinasi,Maishiy texnika,Fargona,Jasur,1.0,11787868.0,17.4,Naqd,Yangi mijoz,4.0,9736778.97
197,2025-07-16,Muzlatgich,Maishiy texnika,Buxoro,Dilnoza,6.0,11407104.0,19.9,Naqd,Doimiy mijoz,4.0,54822541.82
181,2025-06-30,Planshet,Maishiy texnika,Buxoro,Zarina,1.0,8058450.0,24.2,Bolib_tolash,Doimiy mijoz,5.0,6108305.1
160,2025-06-09,Konditsioner,Maishiy texnika,Fargona,Vali,2.0,3376050.0,19.5,Naqd,Yangi mijoz,4.0,5435440.5
119,2025-04-29,Planshet,Aksessuarlar,Andijon,Jasur,2.0,402918.0,1.9,Click,Doimiy mijoz,3.0,790525.12
97,2025-04-07,Smart soat,Maishiy texnika,Fargona,Dilnoza,1.0,10944147.0,13.4,Payme,Yangi mijoz,5.0,9477631.3
109,2025-04-19,Kir yuvish mashinasi,Maishiy texnika,Samarqand,Dilnoza,3.0,5579593.0,13.8,Payme,Korporativ mijoz,3.0,14428827.5
186,2025-07-05,Noutbuk,Aksessuarlar,Toshkent,Zarina,1.0,1250365.0,0.6,Bolib_tolash,Yangi mijoz,1.0,1242862.81
223,2025-08-11,Smart soat,Elektronika,Toshkent,Sardor,6.0,3377291.0,4.6,Bolib_tolash,Doimiy mijoz,,19331613.68
17,2025-01-17,Noutbuk,Elektronika,Andijon,Madina,1.0,8732831.0,3.0,Karta,Doimiy mijoz,1.0,8470846.07
147,2025-05-27,Smart soat,Maishiy texnika,Toshkent,Vali,5.0,9040820.0,18.6,Bolib_tolash,Korporativ mijoz,2.0,36796137.4
70,2025-03-11,Smart soat,Elektronika,Samarqand,Madina,6.0,579876.0,15.3,Bolib_tolash,Doimiy mijoz,5.0,2946929.83
174,2025-06-23,Telefon,Elektronika,Toshkent,Madina,5.0,4211479.0,1.7,Bolib_tolash,Korporativ mijoz,,20699419.28
39,2025-02-08,Noutbuk,Maishiy texnika,Toshkent,Jasur,3.0,11979657.0,8.8,Click,Yangi mijoz,4.0,32776341.55
133,2025-05-13,Quloqchin,Maishiy texnika,Andijon,Jasur,7.0,2733093.0,21.7,Naqd,Doimiy mijoz,5.0,14980082.73
226,2025-08-14,Changyutgich,Aksessuarlar,Toshkent,Zarina,2.0,2570706.0,19.3,Naqd,Korporativ mijoz,4.0,4149119.48
239,2025-08-27,Smart soat,Elektronika,Buxoro,Dilnoza,4.0,9244043.0,10.8,Naqd,Doimiy mijoz,1.0,32982745.42
120,2025-04-30,Smart soat,Elektronika,Toshkent,Sardor,1.0,11407221.0,21.3,Bolib_tolash,Yangi mijoz,4.0,8977482.93
137,2025-05-17,Smart soat,Elektronika,Andijon,Ali,2.0,6318795.0,17.0,Payme,Doimiy mijoz,3.0,10489199.7
67,2025-03-08,Televizor,Elektronika,Andijon,Zarina,6.0,9077354.0,22.0,Karta,Korporativ mijoz,1.0,42482016.72
218,2025-08-06,Planshet,Elektronika,Andijon,Sardor,7.0,4164752.0,16.3,Karta,Korporativ mijoz,3.0,24401281.97
155,2025-06-04,Smart soat,Aksessuarlar,Samarqand,Madina,,470719.0,24.5,Karta,Korporativ mijoz,5.0,
169,2025-06-18,Planshet,Aksessuarlar,Toshkent,Sardor,4.0,1350896.0,23.4,Naqd,Doimiy mijoz,2.0,4139145.34
230,2025-08-18,Smart soat,Aksessuarlar,Fargona,Vali,1.0,,3.3,Karta,Korporativ mijoz,3.0,
234,2025-08-22,Telefon,Elektronika,Fargona,Madina,3.0,2282575.0,19.9,Naqd,Korporativ mijoz,5.0,5485027.72
157,2025-06-06,Telefon,Elektronika,Fargona,Sardor,6.0,9618555.0,6.5,Karta,Yangi mijoz,2.0,53960093.55
118,2025-04-28,Planshet,Maishiy texnika,Fargona,Vali,3.0,966040.0,17.1,Payme,Yangi mijoz,4.0,2402541.48
85,2025-03-26,Konditsioner,Aksessuarlar,Samarqand,Vali,7.0,4419235.0,24.2,Click,Korporativ mijoz,4.0,23448460.91
126,2025-05-06,Televizor,Maishiy texnika,Fargona,Jasur,4.0,9835461.0,17.0,Payme,Yangi mijoz,4.0,32653730.52
168,2025-06-17,Televizor,Elektronika,Andijon,Madina,3.0,,2.6,Payme,Yangi mijoz,5.0,
246,2025-09-03,Konditsioner,Aksessuarlar,Toshkent,Sardor,3.0,5219743.0,7.8,Payme,Korporativ mijoz,1.0,14437809.14
110,2025-04-20,Quloqchin,Maishiy texnika,Buxoro,Jasur,7.0,4341946.0,2.2,Karta,Korporativ mijoz,2.0,29724962.32
173,2025-06-22,Muzlatgich,Elektronika,Toshkent,Jasur,5.0,9177270.0,17.7,Payme,Korporativ mijoz,4.0,37764466.05
235,2025-08-23,Muzlatgich,Elektronika,Samarqand,Ali,3.0,6691653.0,,Payme,Doimiy mijoz,,
74,2025-03-15,Muzlatgich,Maishiy texnika,Buxoro,Zarina,7.0,848734.0,23.6,Payme,Korporativ mijoz,5.0,4539029.43
159,2025-06-08,Changyutgich,Elektronika,Samarqand,Zarina,4.0,3417920.0,13.5,Naqd,Doimiy mijoz,5.0,11826003.2
116,2025-04-26,Muzlatgich,Aksessuarlar,Samarqand,Vali,2.0,11125415.0,2.0,Karta,Korporativ mijoz,5.0,21805813.4
76,2025-03-17,Changyutgich,Maishiy texnika,Samarqand,Ali,1.0,4321361.0,15.2,Karta,Yangi mijoz,3.0,3664514.13
238,2025-08-26,Smart soat,Elektronika,Buxoro,Madina,7.0,4992216.0,17.1,Payme,Doimiy mijoz,1.0,28969829.45
83,2025-03-24,Konditsioner,Aksessuarlar,Andijon,Ali,5.0,7587324.0,8.8,Karta,Yangi mijoz,5.0,34598197.44
30,2025-01-30,Televizor,Maishiy texnika,Fargona,Madina,4.0,4023645.0,5.8,Karta,Yangi mijoz,2.0,15161094.36
127,2025-05-07,Televizor,Maishiy texnika,Toshkent,Sardor,5.0,1094929.0,14.1,Karta,Doimiy mijoz,4.0,4702720.06
80,2025-03-21,Smart soat,Maishiy texnika,Samarqand,Vali,7.0,3752214.0,5.5,Click,Korporativ mijoz,5.0,24820895.61
87,2025-03-28,Quloqchin,Maishiy texnika,Samarqand,Sardor,6.0,3606737.0,23.2,Bolib_tolash,Yangi mijoz,4.0,16619844.1
6,2025-01-06,Changyutgich,Aksessuarlar,Toshkent,Vali,5.0,2492149.0,23.1,Naqd,Yangi mijoz,5.0,9582312.9
57,2025-02-26,Noutbuk,Elektronika,Buxoro,Ali,6.0,1808096.0,0.4,Payme,Doimiy mijoz,5.0,10805181.7
187,2025-07-06,Muzlatgich,Elektronika,Samarqand,Jasur,6.0,9148026.0,8.1,Payme,Doimiy mijoz,1.0,50442215.36
232,2025-08-20,Telefon,Elektronika,Toshkent,Madina,3.0,6295140.0,23.0,Naqd,Doimiy mijoz,2.0,14541773.4
171,2025-06-20,Quloqchin,Maishiy texnika,Buxoro,Ali,4.0,4502375.0,1.7,Bolib_tolash,Korporativ mijoz,2.0,17703338.5
66,2025-03-07,Changyutgich,Aksessuarlar,Andijon,Sardor,7.0,9368493.0,10.4,Click,Korporativ mijoz,2.0,58759188.1
141,2025-05-21,Changyutgich,Elektronika,Fargona,Vali,3.0,6870968.0,22.0,Naqd,Doimiy mijoz,5.0,16078065.12
125,2025-05-05,Telefon,Maishiy texnika,Toshkent,Dilnoza,7.0,11958474.0,8.7,Karta,Yangi mijoz,5.0,76426607.33
214,2025-08-02,Televizor,Maishiy texnika,Andijon,Jasur,5.0,,22.4,Payme,Yangi mijoz,,
149,2025-05-29,Televizor,Maishiy texnika,Toshkent,Madina,3.0,9397776.0,20.4,Payme,Doimiy mijoz,1.0,22441889.09
32,2025-02-01,Quloqchin,Maishiy texnika,Andijon,Ali,2.0,6174467.0,21.8,Karta,Yangi mijoz,1.0,9656866.39
13,2025-01-13,Konditsioner,Maishiy texnika,Andijon,Sardor,4.0,5848927.0,20.7,Payme,Doimiy mijoz,1.0,18552796.44
36,2025-02-05,Muzlatgich,Maishiy texnika,Toshkent,Madina,1.0,5597366.0,23.5,Naqd,Yangi mijoz,3.0,4281984.99
29,2025-01-29,Planshet,Maishiy texnika,Andijon,Zarina,6.0,10068209.0,15.4,Karta,Yangi mijoz,5.0,51106228.88
43,2025-02-12,Changyutgich,Aksessuarlar,Toshkent,Jasur,4.0,10254518.0,15.7,Naqd,Korporativ mijoz,4.0,34578234.7
219,2025-08-07,Noutbuk,Elektronika,Andijon,Jasur,4.0,4454857.0,9.2,Payme,Yangi mijoz,1.0,16180040.62
23,2025-01-23,Changyutgich,Elektronika,Buxoro,Jasur,7.0,4701056.0,,Naqd,Yangi mijoz,4.0,
94,2025-04-04,Changyutgich,Maishiy texnika,Buxoro,Dilnoza,7.0,3456513.0,20.4,Payme,Yangi mijoz,2.0,19259690.44
213,2025-08-01,Planshet,Aksessuarlar,Andijon,Jasur,1.0,9084644.0,10.2,Payme,Korporativ mijoz,1.0,8158010.31
102,2025-04-12,Telefon,Elektronika,Fargona,Ali,4.0,7351476.0,6.6,Naqd,Doimiy mijoz,3.0,27465114.34
52,2025-02-21,Telefon,Elektronika,Fargona,Dilnoza,,850044.0,8.9,Payme,Doimiy mijoz,,
96,2025-04-06,Changyutgich,Elektronika,Toshkent,Sardor,5.0,,5.6,Payme,Korporativ mijoz,4.0,
144,2025-05-24,Planshet,Aksessuarlar,Fargona,Ali,2.0,3218145.0,20.6,Karta,Doimiy mijoz,5.0,5110414.26
200,2025-07-19,Kir yuvish mashinasi,Maishiy texnika,Toshkent,Sardor,1.0,2784999.0,2.1,Karta,Doimiy mijoz,3.0,2726514.02
77,2025-03-18,Smart soat,Maishiy texnika,Fargona,Zarina,1.0,5591174.0,12.8,Click,Korporativ mijoz,3.0,4875503.73
42,2025-02-11,Noutbuk,Elektronika,Buxoro,Zarina,6.0,8450262.0,12.0,Naqd,Yangi mijoz,3.0,44617383.36
114,2025-04-24,Quloqchin,Maishiy texnika,Samarqand,Dilnoza,6.0,,18.1,Click,Yangi mijoz,1.0,
153,2025-06-02,Kir yuvish mashinasi,Aksessuarlar,Buxoro,Madina,6.0,,7.2,Karta,Yangi mijoz,2.0,
79,2025-03-20,Telefon,Maishiy texnika,Samarqand,Madina,7.0,6649632.0,,Naqd,Korporativ mijoz,1.0,
148,2025-05-28,Smart soat,Maishiy texnika,Toshkent,Jasur,4.0,1580844.0,4.0,Naqd,Yangi mijoz,5.0,6070440.96
27,2025-01-27,Changyutgich,Maishiy texnika,Samarqand,Ali,1.0,4172097.0,15.6,Payme,Doimiy mijoz,2.0,3521249.87
242,2025-08-30,Quloqchin,Maishiy texnika,Toshkent,Jasur,1.0,3578472.0,1.6,Bolib_tolash,Yangi mijoz,3.0,3521216.45
165,2025-06-14,Telefon,Elektronika,Samarqand,Vali,1.0,11147540.0,8.5,Naqd,Yangi mijoz,3.0,10199999.1
244,2025-09-01,Konditsioner,Aksessuarlar,Andijon,Zarina,5.0,8449689.0,6.7,Naqd,Korporativ mijoz,4.0,39417799.18
138,2025-05-18,Muzlatgich,Elektronika,Buxoro,Dilnoza,3.0,4847348.0,15.5,Karta,Yangi mijoz,4.0,12288027.18
1,2025-01-01,Planshet,Maishiy texnika,Samarqand,Sardor,3.0,9763910.0,14.2,Click,Yangi mijoz,4.0,25132304.34
3,2025-01-03,Konditsioner,Aksessuarlar,Samarqand,Dilnoza,6.0,8488424.0,,Naqd,Yangi mijoz,4.0,
78,2025-03-19,Smart soat,Aksessuarlar,Toshkent,Ali,1.0,1919433.0,5.8,Bolib_tolash,Korporativ mijoz,1.0,1808105.89
47,2025-02-16,Noutbuk,Aksessuarlar,Toshkent,Sardor,5.0,4123064.0,10.4,Payme,Korporativ mijoz,4.0,18471326.72
101,2025-04-11,Noutbuk,Maishiy texnika,Fargona,Madina,3.0,10958177.0,21.9,Karta,Doimiy mijoz,3.0,25675008.71
128,2025-05-08,Muzlatgich,Maishiy texnika,Toshkent,Dilnoza,4.0,10035455.0,6.7,Payme,Korporativ mijoz,5.0,37452318.06
151,2025-05-31,Quloqchin,Elektronika,Buxoro,Ali,2.0,,12.7,Bolib_tolash,Korporativ mijoz,5.0,
249,2025-09-06,Televizor,Maishiy texnika,Andijon,Zarina,4.0,3893270.0,1.8,Naqd,Doimiy mijoz,2.0,15292764.56
91,2025-04-01,Quloqchin,Elektronika,Andijon,Dilnoza,3.0,8556563.0,19.0,Bolib_tolash,Doimiy mijoz,4.0,20792448.09
86,2025-03-27,Konditsioner,Aksessuarlar,Toshkent,Zarina,3.0,9960860.0,22.1,Bolib_tolash,Korporativ mijoz,1.0,23278529.82
176,2025-06-25,Telefon,Elektronika,Fargona,Vali,2.0,9113796.0,8.6,Naqd,Yangi mijoz,1.0,16660019.09
196,2025-07-15,Konditsioner,Maishiy texnika,Toshkent,Dilnoza,4.0,7064720.0,4.1,Naqd,Korporativ mijoz,2.0,27100265.92
99,2025-04-09,Smart soat,Maishiy texnika,Toshkent,Ali,6.0,1785215.0,14.5,Payme,Korporativ mijoz,2.0,9158152.95
37,2025-02-06,Smart soat,Aksessuarlar,Toshkent,Zarina,2.0,3528678.0,20.0,Click,Korporativ mijoz,4.0,5645884.8
62,2025-03-03,Kir yuvish mashinasi,Elektronika,Andijon,Vali,5.0,4309215.0,5.5,Payme,Yangi mijoz,3.0,20361040.88
163,2025-06-12,Smart soat,Elektronika,Samarqand,Dilnoza,2.0,6327794.0,13.5,Click,Korporativ mijoz,1.0,10947083.62
140,2025-05-20,Televizor,Maishiy texnika,Andijon,Madina,3.0,8519834.0,4.0,Click,Doimiy mijoz,5.0,24537121.92
12,2025-01-12,Konditsioner,Maishiy texnika,Buxoro,Dilnoza,2.0,7102336.0,8.0,Naqd,Doimiy mijoz,1.0,13068298.24
245,2025-09-02,Kir yuvish mashinasi,Maishiy texnika,Buxoro,Jasur,7.0,1644718.0,19.9,Karta,Yangi mijoz,4.0,9221933.83
199,2025-07-18,Noutbuk,Maishiy texnika,Samarqand,Dilnoza,1.0,3955754.0,5.5,Payme,Doimiy mijoz,4.0,3738187.53
28,2025-01-28,Quloqchin,Aksessuarlar,Toshkent,Zarina,,2739440.0,22.1,Karta,Korporativ mijoz,1.0,
156,2025-06-05,Muzlatgich,Maishiy texnika,Fargona,Vali,2.0,9996545.0,15.8,Bolib_tolash,Doimiy mijoz,5.0,16834181.78
5,2025-01-05,Planshet,Elektronika,Buxoro,Madina,2.0,11323667.0,7.4,Payme,Yangi mijoz,3.0,20971431.28
123,2025-05-03,Quloqchin,Maishiy texnika,Andijon,Sardor,5.0,9755193.0,14.8,Naqd,Korporativ mijoz,4.0,41557122.18
33,2025-02-02,Muzlatgich,Maishiy texnika,Toshkent,Vali,6.0,9703424.0,0.5,Karta,Doimiy mijoz,1.0,57929441.28
145,2025-05-25,Telefon,Aksessuarlar,Toshkent,Dilnoza,3.0,1306476.0,3.2,Click,Yangi mijoz,5.0,3794006.3
179,2025-06-28,Noutbuk,Aksessuarlar,Andijon,Zarina,7.0,3431278.0,21.8,Payme,Yangi mijoz,5.0,18782815.77
139,2025-05-19,Kir yuvish mashinasi,Aksessuarlar,Fargona,Zarina,7.0,796756.0,18.8,Naqd,Korporativ mijoz,5.0,4528761.1
63,2025-03-04,Noutbuk,Aksessuarlar,Fargona,Zarina,2.0,2002135.0,23.7,Bolib_tolash,Yangi mijoz,2.0,3055258.01
136,2025-05-16,Changyutgich,Elektronika,Andijon,Dilnoza,5.0,7024121.0,,Naqd,Yangi mijoz,3.0,
129,2025-05-09,Planshet,Elektronika,Toshkent,Madina,7.0,2500564.0,22.0,Karta,Korporativ mijoz,4.0,13653079.44
227,2025-08-15,Quloqchin,Elektronika,Buxoro,Madina,3.0,7622535.0,21.1,Karta,Doimiy mijoz,3.0,18042540.34
206,2025-07-25,Televizor,Elektronika,Samarqand,Jasur,5.0,10992996.0,10.8,Karta,Yangi mijoz,5.0,49028762.16
71,2025-03-12,Konditsioner,Aksessuarlar,Andijon,Vali,1.0,2042165.0,4.2,Bolib_tolash,Doimiy mijoz,1.0,1956394.07
193,2025-07-12,Konditsioner,Aksessuarlar,Toshkent,Jasur,5.0,4931188.0,24.9,Bolib_tolash,Yangi mijoz,1.0,18516610.94
65,2025-03-06,Noutbuk,Elektronika,Toshkent,Sardor,2.0,1058039.0,2.2,Bolib_tolash,Yangi mijoz,2.0,2069524.28
45,2025-02-14,Changyutgich,Elektronika,Fargona,Sardor,3.0,11564508.0,24.6,Payme,Doimiy mijoz,4.0,26158917.1
166,2025-06-15,Telefon,Maishiy texnika,Fargona,Dilnoza,7.0,4982666.0,15.8,Naqd,Korporativ mijoz,5.0,29367833.4
41,2025-02-10,Smart soat,Maishiy texnika,Buxoro,Vali,1.0,10749435.0,10.0,Naqd,Yangi mijoz,3.0,9674491.5
124,2025-05-04,Planshet,Elektronika,Fargona,Dilnoza,7.0,9248924.0,20.6,Click,Doimiy mijoz,1.0,51405519.59
154,2025-06-03,Konditsioner,Maishiy texnika,Fargona,Ali,7.0,771757.0,15.4,Click,Doimiy mijoz,5.0,4570344.95
24,2025-01-24,Kir yuvish mashinasi,Elektronika,Toshkent,Dilnoza,3.0,9056973.0,13.5,Bolib_tolash,Korporativ mijoz,1.0,23502844.94
212,2025-07-31,Televizor,Maishiy texnika,Toshkent,Dilnoza,4.0,6947218.0,24.6,Karta,Yangi mijoz,5.0,20952809.49
184,2025-07-03,Telefon,Aksessuarlar,Buxoro,Zarina,5.0,2848362.0,19.0,Karta,Korporativ mijoz,1.0,11535866.1
82,2025-03-23,Smart soat,Maishiy texnika,Toshkent,Vali,6.0,7309039.0,19.5,Payme,Korporativ mijoz,2.0,35302658.37
40,2025-02-09,Televizor,Elektronika,Andijon,Zarina,3.0,5291593.0,19.2,Click,Yangi mijoz,2.0,12826821.43
210,2025-07-29,Quloqchin,Maishiy texnika,Andijon,Sardor,1.0,1741793.0,9.9,Naqd,Korporativ mijoz,1.0,1569355.49
48,2025-02-17,Televizor,Aksessuarlar,Buxoro,Dilnoza,6.0,2682967.0,10.5,Payme,Doimiy mijoz,1.0,14407532.79
95,2025-04-05,Planshet,Aksessuarlar,Andijon,Jasur,7.0,2017878.0,5.6,Bolib_tolash,Doimiy mijoz,5.0,13334137.82
191,2025-07-10,Televizor,Maishiy texnika,Andijon,Jasur,6.0,6011161.0,11.1,Click,Yangi mijoz,4.0,32063532.77
162,2025-06-11,Konditsioner,Aksessuarlar,Samarqand,Madina,6.0,6907299.0,19.0,Payme,Yangi mijoz,3.0,33569473.14
44,2025-02-13,Smart soat,Elektronika,Fargona,Sardor,5.0,4926769.0,21.8,Karta,Doimiy mijoz,5.0,19263666.79
146,2025-05-26,Telefon,Elektronika,Samarqand,Jasur,3.0,4264056.0,8.4,Bolib_tolash,Doimiy mijoz,2.0,11717625.89
183,2025-07-02,Telefon,Aksessuarlar,Samarqand,Ali,3.0,7320947.0,,Karta,Doimiy mijoz,5.0,
4,2025-01-04,Muzlatgich,Maishiy texnika,Samarqand,Jasur,2.0,1047344.0,17.4,Naqd,Yangi mijoz,4.0,1730212.29
106,2025-04-16,Muzlatgich,Elektronika,Fargona,Madina,1.0,8184789.0,21.6,Karta,Doimiy mijoz,2.0,6416874.58
54,2025-02-23,Noutbuk,Elektronika,Samarqand,Jasur,5.0,11015349.0,7.4,Karta,Korporativ mijoz,3.0,51001065.87
134,2025-05-14,Kir yuvish mashinasi,Aksessuarlar,Andijon,Sardor,4.0,3383457.0,17.7,Payme,Yangi mijoz,4.0,11138340.44
228,2025-08-16,Planshet,Elektronika,Andijon,Zarina,2.0,9660510.0,19.0,Click,Doimiy mijoz,3.0,15650026.2
194,2025-07-13,Telefon,Elektronika,Toshkent,Jasur,2.0,2801864.0,10.7,Click,Yangi mijoz,2.0,5004129.1
233,2025-08-21,Noutbuk,Aksessuarlar,Samarqand,Sardor,4.0,,15.4,Karta,Yangi mijoz,5.0,
50,2025-02-19,Konditsioner,Elektronika,Toshkent,Dilnoza,6.0,156218.0,6.0,Click,Doimiy mijoz,2.0,881069.52
164,2025-06-13,Televizor,Elektronika,Fargona,Jasur,1.0,7997596.0,24.1,Payme,Doimiy mijoz,4.0,6070175.36
81,2025-03-22,Planshet,Aksessuarlar,Fargona,Jasur,,2106580.0,4.7,Click,Yangi mijoz,5.0,
35,2025-02-04,Planshet,Aksessuarlar,Toshkent,Madina,,10433564.0,13.2,Payme,Korporativ mijoz,3.0,
207,2025-07-26,Televizor,Aksessuarlar,Toshkent,Vali,,10127595.0,23.6,Naqd,Korporativ mijoz,3.0,
8,2025-01-08,Planshet,Elektronika,Samarqand,Vali,,3432252.0,23.6,Click,Yangi mijoz,3.0,
172,2025-06-21,Telefon,Maishiy texnika,Toshkent,Zarina,4.0,458165.0,7.5,Bolib_tolash,Korporativ mijoz,4.0,1695210.5
111,2025-04-21,Telefon,Aksessuarlar,Buxoro,Jasur,1.0,170093.0,10.2,Karta,Korporativ mijoz,5.0,152743.51
92,2025-04-02,Telefon,Elektronika,Andijon,Ali,2.0,6998889.0,17.4,Karta,Doimiy mijoz,,11562164.63
84,2025-03-25,Telefon,Maishiy texnika,Andijon,Jasur,3.0,6282258.0,1.4,Click,Korporativ mijoz,2.0,18582919.16
224,2025-08-12,Noutbuk,Aksessuarlar,Andijon,Vali,2.0,4974287.0,21.7,Bolib_tolash,Yangi mijoz,4.0,7789733.44
229,2025-08-17,Changyutgich,Elektronika,Andijon,Jasur,3.0,8127252.0,15.7,Karta,Doimiy mijoz,,20553820.31
90,2025-03-31,Quloqchin,Elektronika,Samarqand,Ali,7.0,4535214.0,9.9,Naqd,Korporativ mijoz,4.0,28603594.7
9,2025-01-09,Konditsioner,Maishiy texnika,Andijon,Vali,4.0,3812839.0,11.9,Naqd,Korporativ mijoz,5.0,13436444.64
14,2025-01-14,Quloqchin,Aksessuarlar,Fargona,Sardor,1.0,2958604.0,0.9,Payme,Doimiy mijoz,5.0,2931976.56
60,2025-03-01,Changyutgich,Elektronika,Fargona,Sardor,4.0,7747105.0,9.6,Karta,Yangi mijoz,3.0,28013531.68
216,2025-08-04,Telefon,Aksessuarlar,Andijon,Jasur,1.0,5067696.0,5.3,Payme,Doimiy mijoz,5.0,4799108.11
132,2025-05-12,Planshet,Aksessuarlar,Fargona,Vali,5.0,,21.3,Bolib_tolash,Doimiy mijoz,2.0,
18,2025-01-18,Konditsioner,Elektronika,Toshkent,Ali,1.0,,1.9,Payme,Doimiy mijoz,5.0,
167,2025-06-16,Changyutgich,Maishiy texnika,Fargona,Ali,4.0,956031.0,23.3,Payme,Yangi mijoz,4.0,2933103.11
73,2025-03-14,Noutbuk,Elektronika,Andijon,Jasur,7.0,691213.0,5.8,Click,Korporativ mijoz,1.0,4557858.52
221,2025-08-09,Telefon,Aksessuarlar,Samarqand,Vali,2.0,7679600.0,11.8,Bolib_tolash,Doimiy mijoz,4.0,13546814.4
135,2025-05-15,Noutbuk,Elektronika,Andijon,Sardor,4.0,5968997.0,20.9,Bolib_tolash,Doimiy mijoz,5.0,18885906.51
205,2025-07-24,Quloqchin,Maishiy texnika,Toshkent,Dilnoza,7.0,11659522.0,3.8,Click,Yangi mijoz,4.0,78515221.15
231,2025-08-19,Televizor,Aksessuarlar,Toshkent,Jasur,3.0,10960726.0,0.8,Karta,Doimiy mijoz,3.0,32619120.58
64,2025-03-05,Changyutgich,Aksessuarlar,Andijon,Vali,1.0,7101855.0,19.7,Naqd,Doimiy mijoz,4.0,5702789.56
55,2025-02-24,Konditsioner,Maishiy texnika,Andijon,Madina,3.0,11948738.0,5.8,Click,Yangi mijoz,4.0,33767133.59
108,2025-04-18,Konditsioner,Elektronika,Samarqand,Dilnoza,5.0,4188880.0,16.4,Karta,Doimiy mijoz,2.0,17509518.4
51,2025-02-20,Quloqchin,Maishiy texnika,Fargona,Dilnoza,,6958974.0,2.8,Payme,Doimiy mijoz,5.0,
240,2025-08-28,Quloqchin,Aksessuarlar,Samarqand,Ali,6.0,10643214.0,5.0,Naqd,Yangi mijoz,2.0,60666319.8
175,2025-06-24,Konditsioner,Elektronika,Andijon,Vali,7.0,9480725.0,14.6,Naqd,Doimiy mijoz,3.0,56675774.05
209,2025-07-28,Changyutgich,Maishiy texnika,Toshkent,Madina,5.0,5867749.0,16.0,Bolib_tolash,Yangi mijoz,4.0,24644545.8
190,2025-07-09,Planshet,Elektronika,Buxoro,Madina,,9695560.0,17.1,Naqd,Doimiy mijoz,2.0,
247,2025-09-04,Telefon,Aksessuarlar,Toshkent,Dilnoza,6.0,10603401.0,11.4,Karta,Doimiy mijoz,1.0,56367679.72
208,2025-07-27,Quloqchin,Maishiy texnika,Buxoro,Madina,1.0,11306589.0,10.5,Karta,Yangi mijoz,5.0,10119397.15
222,2025-08-10,Smart soat,Maishiy texnika,Buxoro,Dilnoza,3.0,6690734.0,24.2,Naqd,Korporativ mijoz,5.0,15214729.12
170,2025-06-19,Noutbuk,Maishiy texnika,Fargona,Vali,4.0,1139622.0,17.2,Click,Yangi mijoz,4.0,3774428.06
59,2025-02-28,Kir yuvish mashinasi,Elektronika,Toshkent,Sardor,6.0,8940935.0,10.7,Click,Yangi mijoz,2.0,47905529.73
49,2025-02-18,Planshet,Elektronika,Fargona,Ali,4.0,3518550.0,18.4,Click,Doimiy mijoz,2.0,11484547.2
89,2025-03-30,Konditsioner,Maishiy texnika,Samarqand,Vali,3.0,2088960.0,4.3,Payme,Doimiy mijoz,4.0,5997404.16
22,2025-01-22,Telefon,Aksessuarlar,Toshkent,Madina,6.0,6591634.0,1.6,Naqd,Korporativ mijoz,5.0,38917007.14
58,2025-02-27,Kir yuvish mashinasi,Elektronika,Fargona,Sardor,2.0,8816347.0,24.7,Karta,Doimiy mijoz,3.0,13277418.58
204,2025-07-23,Kir yuvish mashinasi,Maishiy texnika,Andijon,Madina,3.0,7444386.0,23.8,Click,Doimiy mijoz,1.0,17017866.4
161,2025-06-10,Kir yuvish mashinasi,Aksessuarlar,Fargona,Dilnoza,5.0,2198324.0,2.7,Bolib_tolash,Korporativ mijoz,1.0,10694846.26
243,2025-08-31,Televizor,Elektronika,Fargona,Jasur,1.0,11474924.0,,Bolib_tolash,Korporativ mijoz,1.0,
188,2025-07-07,Changyutgich,Maishiy texnika,Samarqand,Jasur,3.0,10080362.0,12.2,Karta,Korporativ mijoz,1.0,26551673.51
192,2025-07-11,Planshet,Elektronika,Andijon,Sardor,5.0,,6.8,Bolib_tolash,Korporativ mijoz,5.0,
130,2025-05-10,Planshet,Maishiy texnika,Andijon,Zarina,5.0,,19.9,Bolib_tolash,Yangi mijoz,4.0,
38,2025-02-07,Planshet,Aksessuarlar,Fargona,Vali,4.0,9595807.0,24.9,Bolib_tolash,Yangi mijoz,2.0,28825804.23
158,2025-06-07,Quloqchin,Maishiy texnika,Andijon,Ali,3.0,6934453.0,15.9,Payme,Korporativ mijoz,5.0,17495624.92
236,2025-08-24,Muzlatgich,Maishiy texnika,Samarqand,Madina,6.0,544071.0,2.9,Click,Korporativ mijoz,4.0,3169757.65
2,2025-01-02,Televizor,Maishiy texnika,Samarqand,Sardor,1.0,650451.0,22.9,Bolib_tolash,Yangi mijoz,1.0,501497.72
53,2025-02-22,Televizor,Maishiy texnika,Buxoro,Sardor,5.0,5659079.0,7.2,Karta,Yangi mijoz,2.0,26258126.56
150,2025-05-30,Smart soat,Aksessuarlar,Andijon,Ali,6.0,3523609.0,20.8,Payme,Korporativ mijoz,5.0,16744189.97
131,2025-05-11,Televizor,Maishiy texnika,Samarqand,Vali,5.0,9948643.0,16.5,Bolib_tolash,Korporativ mijoz,4.0,41535584.52
152,2025-06-01,Planshet,Aksessuarlar,Toshkent,Zarina,6.0,1480283.0,0.2,Click,Doimiy mijoz,2.0,8863934.6
104,2025-04-14,Planshet,Maishiy texnika,Buxoro,Sardor,6.0,3346402.0,22.2,Naqd,Yangi mijoz,3.0,15621004.54
100,2025-04-10,Konditsioner,Aksessuarlar,Andijon,Vali,7.0,5517149.0,2.3,Payme,Doimiy mijoz,4.0,37731782.01
117,2025-04-27,Changyutgich,Aksessuarlar,Fargona,Zarina,5.0,2939244.0,5.5,Bolib_tolash,Korporativ mijoz,1.0,13887927.9
88,2025-03-29,Telefon,Maishiy texnika,Buxoro,Ali,6.0,8870529.0,24.9,Naqd,Yangi mijoz,5.0,39970603.67
203,2025-07-22,Smart soat,Elektronika,Toshkent,Zarina,7.0,1404070.0,6.8,Karta,Yangi mijoz,1.0,9160152.68
75,2025-03-16,Konditsioner,Aksessuarlar,Buxoro,Jasur,1.0,7830575.0,16.2,Karta,Yangi mijoz,4.0,6562021.85
215,2025-08-03,Smart soat,Maishiy texnika,Buxoro,Ali,2.0,11860026.0,5.7,Bolib_tolash,Yangi mijoz,,22368009.04
211,2025-07-30,Quloqchin,Elektronika,Fargona,Madina,2.0,,6.9,Click,Doimiy mijoz,5.0,
122,2025-05-02,Changyutgich,Aksessuarlar,Buxoro,Dilnoza,6.0,196739.0,12.0,Bolib_tolash,Doimiy mijoz,4.0,1038781.92
250,2025-09-07,Telefon,Elektronika,Samarqand,Sardor,2.0,4886425.0,9.8,Naqd,Yangi mijoz,2.0,8815110.7
21,2025-01-21,Muzlatgich,Aksessuarlar,Andijon,Dilnoza,7.0,10135079.0,18.1,Naqd,Korporativ mijoz,2.0,58104407.91
189,2025-07-08,Kir yuvish mashinasi,Elektronika,Samarqand,Dilnoza,7.0,9583201.0,,Bolib_tolash,Doimiy mijoz,1.0,
72,2025-03-13,Muzlatgich,Maishiy texnika,Buxoro,Zarina,7.0,8065620.0,24.8,Bolib_tolash,Doimiy mijoz,4.0,42457423.68
107,2025-04-17,Quloqchin,Elektronika,Buxoro,Dilnoza,,10452459.0,20.2,Bolib_tolash,Yangi mijoz,1.0,
15,2025-01-15,Kir yuvish mashinasi,Elektronika,Toshkent,Dilnoza,7.0,4407858.0,14.9,Naqd,Korporativ mijoz,4.0,26257610.11
93,2025-04-03,Muzlatgich,Aksessuarlar,Andijon,Jasur,4.0,3896446.0,3.8,Bolib_tolash,Yangi mijoz,4.0,14993524.21
180,2025-06-29,Kir yuvish mashinasi,Elektronika,Andijon,Jasur,2.0,2422035.0,24.3,Click,Yangi mijoz,2.0,3666960.99
103,2025-04-13,Planshet,Elektronika,Fargona,Ali,5.0,6509611.0,3.2,Click,Doimiy mijoz,5.0,31506517.24
